es,1859811
le,1771523
de,1639004
en,1414174
re,1311187
ai,1236741
ou,1218397
on,1153845
qu,1129830
nt,1122608
it,994427
an,907308
ur,871075
la,854957
et,829305
te,761092
me,723432
is,722785
ne,719440
se,714735
er,708934
eu,686917
il,678209
ue,668643
ce,665194
ie,605591
us,591896
un,574136
ar,565265
ui,559966
in,558636
ns,558081
pa,554126
au,542791
oi,526815
co,517587
tr,510081
ll,461858
ra,457615
ma,450397
el,446040
ut,432593
so,417715
ir,396625
po,391610
ri,389728
ta,387628
ve,385583
sa,374541
st,370969
vo,364499
or,350758
ti,350315
em,347374
nd,346589
av,340418
si,338971
om,334187
pr,333250
ch,331070
ro,328975
lu,316451
ss,313725
to,306004
va,300272
mo,299985
da,296790
as,290930
pe,279308
di,271743
rt,267369
rs,260860
nc,249966
pl,245257
no,244277
ux,242398
mm,239549
du,228947
fa,227842
je,222841
su,217525
al,211838
vi,205443
li,204634
he,202441
at,198933
mi,192417
ge,183249
io,172083
uv,168680
na,165691
do,162467
tt,162176
lo,159097
nn,158898
ha,154155
bl,150712
ec,147479
am,145767
mp,141140
fo,136994
os,132864
ni,132096
ca,131133
ul,128885
fi,127328
ci,126802
ag,122956
rd,122434
ap,116806
ho,115028
ts,114995
ac,114924
rr,113624
gr,109277
bi,106391
tu,104248
ei,100351
ng,99952
dr,99537
ev,98803
jo,95877
cr,95704
ea,95620
ol,95479
bo,95024
iv,94462
ab,94081
im,91936
ic,90236
mb,90026
br,89308
pu,87193
ls,87075
ez,86791
fe,86748
ot,84950
be,82713
ua,82311
up,80124
ig,77085
uc,74076
rm,73926
rc,73649
gn,72508
fr,72080
ga,71718
nu,67894
vr,67335
id,66985
cu,66315
ba,65944
pi,64608
ff,62522
ru,62123
oy,61060
ad,60506
ct,60173
t-,59025
ep,58871
sq,57985
pp,57857
sp,56516
fu,55937
gu,55234
op,51973
iq,50419
oc,50212
ex,49735
ju,48907
rn,47764
ps,45799
cl,45580
nf,44711
lq,43873
ye,42558
ia,41404
ya,39504
ix,39317
ib,39176
hi,38194
um,37419
ud,37028
ef,37024
ja,36054
ay,34798
rg,34497
sc,33803
ob,33758
gi,32941
uj,30936
rv,30433
if,30061
rl,29483
ds,28398
gl,28301
ub,28159
mu,27715
nv,27447
nq,27408
eg,25816
ph,25588
cc,25050
pt,23666
hu,22934
ug,22786
fl,22473
oe,22047
of,21961
th,21697
go,21332
aq,21326
od,21072
ys,21018
-i,20484
-m,20171
-c,19918
rq,19730
uo,19624
vu,19283
ed,19262
uf,18105
af,18061
rp,17073
i-,16047
gt,15284
s-,15003
xi,14758
lt,13963
e-,13799
rb,13680
ip,13603
ii,13466
bu,13047
-d,12914
og,12556
bs,12514
xp,12135
mt,11872
cs,11234
rf,10848
xe,10605
lh,9770
ah,9660
aj,9451
-v,9235
-t,9037
xt,8990
eh,8159
-e,8099
ze,7896
z-,7877
-l,7151
nr,7136
uy,7123
xa,6648
oq,6605
ov,6469
lg,6443
a-,6420
dm,6026
nh,5931
hr,5928
xc,5917
x-,5816
yo,5776
u-,5768
oh,5738
sm,5543
eq,5369
fs,5236
ld,5194
yr,5161
nz,4971
uq,4900
tc,4875
eo,4557
ao,4548
-j,4169
ms,4113
cq,4050
za,4028
iz,3992
ty,3980
bj,3900
sy,3899
vn,3877
my,3776
lb,3712
r-,3684
eb,3478
lc,3425
bb,3332
uz,3304
xv,3159
ly,3080
ax,2968
sf,2957
lm,2925
lp,2915
hy,2915
wa,2908
yp,2902
-h,2597
gs,2560
cy,2552
-u,2533
xq,2495
ry,2477
iu,2420
mn,2394
sl,2344
bt,2277
az,2247
oj,2211
-p,2203
nj,2167
-b,2148
gg,2123
zo,2113
-r,1928
-o,1918
dy,1889
gy,1758
ny,1644
gm,1621
yl,1574
n-,1532
ml,1504
-f,1504
d-,1501
ej,1458
nl,1452
-s,1425
nm,1404
sw,1381
yn,1367
ym,1334
sh,1290
tm,1249
ey,1094
rh,1080
lj,1077
g-,1074
uh,1057
mr,1041
ck,1033
lf,1020
dj,1013
ij,961
ki,913
dv,868
oz,833
gw,822
wy,822
np,822
xx,785
hn,782
-g,770
rz,761
ln,756
ke,713
py,676
-q,641
{p,600
p},600
by,590
ae,577
sj,571
sb,567
zi,524
wi,520
ew,516
tf,471
-n,469
lx,427
zu,419
lv,398
rk,393
yt,391
ee,377
uu,376
cf,313
mw,297
we,297
f-,289
oa,280
sd,268
fc,262
ox,261
sg,249
xo,239
tn,236
w-,233
-y,233
zm,231
lz,231
dw,231
tl,229
nx,223
lr,212
gh,201
nb,193
dg,190
tz,187
ht,185
oo,184
hs,167
qa,164
wh,164
-a,161
ak,161
